item_name,month,year,price
Black Gram,1,2016,168.48
Black Gram,2,2016,164.79
Black Gram,3,2016,162.12
Black Gram,4,2016,170.51
Black Gram,5,2016,162.68
Black Gram,6,2016,157.81
Black Gram,7,2016,199.92
Black Gram,8,2016,166.31
Black Gram,9,2016,168.19
Black Gram,10,2016,210.79
Black Gram,11,2016,177.82
Black Gram,12,2016,175.47
Black Gram,1,2017,202.22
Black Gram,2,2017,160.35
Black Gram,3,2017,170.8
Black Gram,4,2017,163.7
Black Gram,5,2017,161.29
Black Gram,6,2017,156.3
Black Gram,7,2017,178.93
Black Gram,8,2017,177.61
Black Gram,9,2017,153.91
Black Gram,10,2017,179.45
Black Gram,11,2017,141.6296794871795
Black Gram,12,2017,141.6296794871795
Black Gram,1,2018,163.34
Black Gram,2,2018,175.15
Black Gram,3,2018,169.74
Black Gram,4,2018,161.62
Black Gram,5,2018,154.77
Black Gram,6,2018,178.47
Black Gram,7,2018,154.85
Black Gram,8,2018,155.48
Black Gram,9,2018,164.15
Black Gram,10,2018,160.12
Black Gram,11,2018,141.6296794871795
Black Gram,12,2018,141.6296794871795
Black Gram,1,2019,165.83
Black Gram,2,2019,168.27
Black Gram,3,2019,167.43
Black Gram,4,2019,162.34
Black Gram,5,2019,164.99
Black Gram,6,2019,168.89
Black Gram,7,2019,169.27
Black Gram,8,2019,141.6296794871795
Black Gram,9,2019,141.6296794871795
Black Gram,10,2019,141.6296794871795
Black Gram,11,2019,141.6296794871795
Black Gram,12,2019,141.6296794871795
Black Gram,1,2014,169.35
Black Gram,2,2014,162.15
Black Gram,3,2014,161.48
Black Gram,4,2014,165.97
Black Gram,5,2014,166.39
Black Gram,6,2014,161.69
Black Gram,7,2014,159.51
Black Gram,8,2014,161.41
Black Gram,9,2014,162.77
Black Gram,10,2014,163.74
Black Gram,11,2014,163.7
Black Gram,12,2014,162.32
Black Gram,1,2013,173.49
Black Gram,2,2013,171.56
Black Gram,3,2013,159.55
Black Gram,4,2013,178.51
Black Gram,5,2013,175.11
Black Gram,6,2013,175.92
Black Gram,7,2013,171.61
Black Gram,8,2013,166.05
Black Gram,9,2013,165.24
Black Gram,10,2013,172.67
Black Gram,11,2013,172.31
Black Gram,12,2013,170.77
Black Gram,1,2012,162.97
Black Gram,2,2012,160.63
Black Gram,3,2012,161.17
Black Gram,4,2012,163.51
Black Gram,5,2012,172.25
Black Gram,6,2012,153.29
Black Gram,7,2012,168.44
Black Gram,8,2012,153.57
Black Gram,9,2012,158.94
Black Gram,10,2012,156.49
Black Gram,11,2012,154.61
Black Gram,12,2012,153.13
Black Gram,1,2011,136.73
Black Gram,2,2011,139.52
Black Gram,3,2011,139.64
Black Gram,4,2011,138.33
Black Gram,5,2011,137.99
Black Gram,6,2011,138.53
Black Gram,7,2011,144.26
Black Gram,8,2011,152.95
Black Gram,9,2011,167.58
Black Gram,10,2011,154.41
Black Gram,11,2011,158.16
Black Gram,12,2011,161.35
Black Gram,1,2010,134.7
Black Gram,2,2010,130.87
Black Gram,3,2010,127.92
Black Gram,4,2010,127.93
Black Gram,5,2010,127.96
Black Gram,6,2010,127.78
Black Gram,7,2010,129.35
Black Gram,8,2010,130.99
Black Gram,9,2010,130.8
Black Gram,10,2010,131.09
Black Gram,11,2010,131.63
Black Gram,12,2010,135.61
Black Gram,1,2009,130.72
Black Gram,2,2009,128.0
Black Gram,3,2009,126.76
Black Gram,4,2009,126.93
Black Gram,5,2009,127.28
Black Gram,6,2009,127.78
Black Gram,7,2009,133.79
Black Gram,8,2009,134.59
Black Gram,9,2009,135.0
Black Gram,10,2009,135.95
Black Gram,11,2009,138.38
Black Gram,12,2009,138.17
Black Gram,1,2008,127.07
Black Gram,2,2008,126.4
Black Gram,3,2008,134.14
Black Gram,4,2008,134.66
Black Gram,5,2008,133.84
Black Gram,6,2008,133.44
Black Gram,7,2008,134.81
Black Gram,8,2008,137.43
Black Gram,9,2008,138.51
Black Gram,10,2008,137.75
Black Gram,11,2008,135.82
Black Gram,12,2008,131.38
Black Gram,1,2007,142.99
Black Gram,2,2007,140.11
Black Gram,3,2007,131.6
Black Gram,4,2007,130.0
Black Gram,5,2007,128.76
Black Gram,6,2007,126.64
Black Gram,7,2007,127.25
Black Gram,8,2007,129.57
Black Gram,9,2007,130.57
Black Gram,10,2007,129.95
Black Gram,11,2007,131.04
Black Gram,12,2007,130.65
Black Gram,1,2006,105.05
Black Gram,2,2006,103.81
Black Gram,3,2006,101.96
Black Gram,4,2006,105.6
Black Gram,5,2006,109.63
Black Gram,6,2006,114.82
Black Gram,7,2006,115.75
Black Gram,8,2006,122.35
Black Gram,9,2006,136.57
Black Gram,10,2006,148.89
Black Gram,11,2006,150.61
Black Gram,12,2006,148.95
White Gram(Kabli Chana),1,2016,182.2
White Gram(Kabli Chana),2,2016,179.12
White Gram(Kabli Chana),3,2016,160.36
White Gram(Kabli Chana),4,2016,184.61
White Gram(Kabli Chana),5,2016,185.1
White Gram(Kabli Chana),6,2016,171.55
White Gram(Kabli Chana),7,2016,167.19
White Gram(Kabli Chana),8,2016,169.73
White Gram(Kabli Chana),9,2016,171.26
White Gram(Kabli Chana),10,2016,185.79
White Gram(Kabli Chana),11,2016,166.59
White Gram(Kabli Chana),12,2016,164.55
White Gram(Kabli Chana),1,2017,164.66
White Gram(Kabli Chana),2,2017,183.62
White Gram(Kabli Chana),3,2017,169.08
White Gram(Kabli Chana),4,2017,174.73
White Gram(Kabli Chana),5,2017,181.27
White Gram(Kabli Chana),6,2017,175.92
White Gram(Kabli Chana),7,2017,173.95
White Gram(Kabli Chana),8,2017,179.99
White Gram(Kabli Chana),9,2017,160.34
White Gram(Kabli Chana),10,2017,161.83
White Gram(Kabli Chana),11,2017,143.89
White Gram(Kabli Chana),12,2017,143.89
White Gram(Kabli Chana),1,2018,175.3
White Gram(Kabli Chana),2,2018,161.1
White Gram(Kabli Chana),3,2018,166.78
White Gram(Kabli Chana),4,2018,179.54
White Gram(Kabli Chana),5,2018,164.05
White Gram(Kabli Chana),6,2018,176.07
White Gram(Kabli Chana),7,2018,173.86
White Gram(Kabli Chana),8,2018,176.77
White Gram(Kabli Chana),9,2018,167.35
White Gram(Kabli Chana),10,2018,169.41
White Gram(Kabli Chana),11,2018,143.89
White Gram(Kabli Chana),12,2018,143.89
White Gram(Kabli Chana),1,2019,160.7
White Gram(Kabli Chana),2,2019,160.79
White Gram(Kabli Chana),3,2019,162.0
White Gram(Kabli Chana),4,2019,161.92
White Gram(Kabli Chana),5,2019,160.61
White Gram(Kabli Chana),6,2019,161.78
White Gram(Kabli Chana),7,2019,159.52
White Gram(Kabli Chana),8,2019,143.89
White Gram(Kabli Chana),9,2019,143.89
White Gram(Kabli Chana),10,2019,143.89
White Gram(Kabli Chana),11,2019,143.89
White Gram(Kabli Chana),12,2019,143.89
White Gram(Kabli Chana),1,2014,183.57
White Gram(Kabli Chana),2,2014,185.08
White Gram(Kabli Chana),3,2014,159.46
White Gram(Kabli Chana),4,2014,162.18
White Gram(Kabli Chana),5,2014,164.99
White Gram(Kabli Chana),6,2014,164.74
White Gram(Kabli Chana),7,2014,164.2
White Gram(Kabli Chana),8,2014,164.12
White Gram(Kabli Chana),9,2014,165.62
White Gram(Kabli Chana),10,2014,165.7
White Gram(Kabli Chana),11,2014,162.81
White Gram(Kabli Chana),12,2014,160.76
White Gram(Kabli Chana),1,2013,164.44
White Gram(Kabli Chana),2,2013,185.57
White Gram(Kabli Chana),3,2013,174.41
White Gram(Kabli Chana),4,2013,166.44
White Gram(Kabli Chana),5,2013,171.09
White Gram(Kabli Chana),6,2013,167.1
White Gram(Kabli Chana),7,2013,166.91
White Gram(Kabli Chana),8,2013,161.96
White Gram(Kabli Chana),9,2013,159.85
White Gram(Kabli Chana),10,2013,160.0
White Gram(Kabli Chana),11,2013,159.21
White Gram(Kabli Chana),12,2013,158.18
White Gram(Kabli Chana),1,2012,180.65
White Gram(Kabli Chana),2,2012,176.67
White Gram(Kabli Chana),3,2012,171.9
White Gram(Kabli Chana),4,2012,168.58
White Gram(Kabli Chana),5,2012,169.76
White Gram(Kabli Chana),6,2012,170.81
White Gram(Kabli Chana),7,2012,174.17
White Gram(Kabli Chana),8,2012,180.85
White Gram(Kabli Chana),9,2012,181.24
White Gram(Kabli Chana),10,2012,181.92
White Gram(Kabli Chana),11,2012,173.5
White Gram(Kabli Chana),12,2012,168.96
White Gram(Kabli Chana),1,2011,155.74
White Gram(Kabli Chana),2,2011,159.53
White Gram(Kabli Chana),3,2011,160.64
White Gram(Kabli Chana),4,2011,161.88
White Gram(Kabli Chana),5,2011,166.0
White Gram(Kabli Chana),6,2011,171.94
White Gram(Kabli Chana),7,2011,179.98
White Gram(Kabli Chana),8,2011,166.93
White Gram(Kabli Chana),9,2011,162.37
White Gram(Kabli Chana),10,2011,170.32
White Gram(Kabli Chana),11,2011,174.21
White Gram(Kabli Chana),12,2011,180.47
White Gram(Kabli Chana),1,2010,159.02
White Gram(Kabli Chana),2,2010,153.23
White Gram(Kabli Chana),3,2010,147.62
White Gram(Kabli Chana),4,2010,143.02
White Gram(Kabli Chana),5,2010,140.99
White Gram(Kabli Chana),6,2010,137.88
White Gram(Kabli Chana),7,2010,136.35
White Gram(Kabli Chana),8,2010,139.1
White Gram(Kabli Chana),9,2010,142.32
White Gram(Kabli Chana),10,2010,145.82
White Gram(Kabli Chana),11,2010,150.31
White Gram(Kabli Chana),12,2010,151.98
White Gram(Kabli Chana),1,2009,132.3
White Gram(Kabli Chana),2,2009,131.17
White Gram(Kabli Chana),3,2009,129.73
White Gram(Kabli Chana),4,2009,130.39
White Gram(Kabli Chana),5,2009,130.75
White Gram(Kabli Chana),6,2009,133.37
White Gram(Kabli Chana),7,2009,138.63
White Gram(Kabli Chana),8,2009,143.81
White Gram(Kabli Chana),9,2009,144.18
White Gram(Kabli Chana),10,2009,148.42
White Gram(Kabli Chana),11,2009,158.57
White Gram(Kabli Chana),12,2009,159.43
White Gram(Kabli Chana),1,2008,108.29
White Gram(Kabli Chana),2,2008,109.74
White Gram(Kabli Chana),3,2008,118.65
White Gram(Kabli Chana),4,2008,122.08
White Gram(Kabli Chana),5,2008,122.7
White Gram(Kabli Chana),6,2008,123.74
White Gram(Kabli Chana),7,2008,125.71
White Gram(Kabli Chana),8,2008,129.08
White Gram(Kabli Chana),9,2008,129.27
White Gram(Kabli Chana),10,2008,130.65
White Gram(Kabli Chana),11,2008,131.1
White Gram(Kabli Chana),12,2008,131.16
White Gram(Kabli Chana),1,2007,122.77
White Gram(Kabli Chana),2,2007,117.37
White Gram(Kabli Chana),3,2007,114.28
White Gram(Kabli Chana),4,2007,113.98
White Gram(Kabli Chana),5,2007,112.66
White Gram(Kabli Chana),6,2007,109.17
White Gram(Kabli Chana),7,2007,108.58
White Gram(Kabli Chana),8,2007,108.17
White Gram(Kabli Chana),9,2007,107.04
White Gram(Kabli Chana),10,2007,106.98
White Gram(Kabli Chana),11,2007,107.22
White Gram(Kabli Chana),12,2007,108.67
White Gram(Kabli Chana),1,2006,111.61
White Gram(Kabli Chana),2,2006,113.99
White Gram(Kabli Chana),3,2006,115.77
White Gram(Kabli Chana),4,2006,117.55
White Gram(Kabli Chana),5,2006,118.32
White Gram(Kabli Chana),6,2006,119.31
White Gram(Kabli Chana),7,2006,119.55
White Gram(Kabli Chana),8,2006,119.55
White Gram(Kabli Chana),9,2006,123.54
White Gram(Kabli Chana),10,2006,128.09
White Gram(Kabli Chana),11,2006,128.1
White Gram(Kabli Chana),12,2006,125.75
Urad Dal,1,2016,152.9
Urad Dal,2,2016,165.24
Urad Dal,3,2016,160.18
Urad Dal,4,2016,157.79
Urad Dal,5,2016,161.26
Urad Dal,6,2016,158.75
Urad Dal,7,2016,149.1
Urad Dal,8,2016,149.51
Urad Dal,9,2016,147.81
Urad Dal,10,2016,159.26
Urad Dal,11,2016,143.54
Urad Dal,12,2016,152.03
Urad Dal,1,2017,167.34
Urad Dal,2,2017,141.14
Urad Dal,3,2017,161.22
Urad Dal,4,2017,164.59
Urad Dal,5,2017,161.22
Urad Dal,6,2017,154.57
Urad Dal,7,2017,144.67
Urad Dal,8,2017,166.6
Urad Dal,9,2017,166.66
Urad Dal,10,2017,162.76
Urad Dal,11,2017,140.42897435897433
Urad Dal,12,2017,140.42897435897433
Urad Dal,1,2018,141.75
Urad Dal,2,2018,164.79
Urad Dal,3,2018,163.05
Urad Dal,4,2018,158.95
Urad Dal,5,2018,158.34
Urad Dal,6,2018,155.76
Urad Dal,7,2018,155.49
Urad Dal,8,2018,156.19
Urad Dal,9,2018,155.37
Urad Dal,10,2018,155.64
Urad Dal,11,2018,140.42897435897433
Urad Dal,12,2018,140.42897435897433
Urad Dal,1,2019,142.88
Urad Dal,2,2019,165.03
Urad Dal,3,2019,142.19
Urad Dal,4,2019,143.55
Urad Dal,5,2019,144.96
Urad Dal,6,2019,152.06
Urad Dal,7,2019,151.71
Urad Dal,8,2019,140.42897435897433
Urad Dal,9,2019,140.42897435897433
Urad Dal,10,2019,140.42897435897433
Urad Dal,11,2019,140.42897435897433
Urad Dal,12,2019,140.42897435897433
Urad Dal,1,2014,143.81
Urad Dal,2,2014,141.25
Urad Dal,3,2014,144.15
Urad Dal,4,2014,148.54
Urad Dal,5,2014,157.55
Urad Dal,6,2014,141.98
Urad Dal,7,2014,140.12
Urad Dal,8,2014,151.41
Urad Dal,9,2014,157.71
Urad Dal,10,2014,155.8
Urad Dal,11,2014,151.14
Urad Dal,12,2014,150.9
Urad Dal,1,2013,159.61
Urad Dal,2,2013,157.3
Urad Dal,3,2013,154.43
Urad Dal,4,2013,153.69
Urad Dal,5,2013,154.21
Urad Dal,6,2013,155.04
Urad Dal,7,2013,155.25
Urad Dal,8,2013,154.14
Urad Dal,9,2013,157.63
Urad Dal,10,2013,158.93
Urad Dal,11,2013,167.36
Urad Dal,12,2013,143.1
Urad Dal,1,2012,162.37
Urad Dal,2,2012,159.45
Urad Dal,3,2012,156.08
Urad Dal,4,2012,154.15
Urad Dal,5,2012,152.85
Urad Dal,6,2012,152.21
Urad Dal,7,2012,156.17
Urad Dal,8,2012,164.26
Urad Dal,9,2012,164.38
Urad Dal,10,2012,164.09
Urad Dal,11,2012,162.98
Urad Dal,12,2012,162.52
Urad Dal,1,2011,165.38
Urad Dal,2,2011,143.78
Urad Dal,3,2011,165.27
Urad Dal,4,2011,165.16
Urad Dal,5,2011,165.83
Urad Dal,6,2011,165.08
Urad Dal,7,2011,142.74
Urad Dal,8,2011,140.84
Urad Dal,9,2011,141.44
Urad Dal,10,2011,165.29
Urad Dal,11,2011,142.27
Urad Dal,12,2011,165.82
Urad Dal,1,2010,153.3
Urad Dal,2,2010,141.86
Urad Dal,3,2010,141.5
Urad Dal,4,2010,167.06
Urad Dal,5,2010,147.68
Urad Dal,6,2010,155.86
Urad Dal,7,2010,158.02
Urad Dal,8,2010,155.38
Urad Dal,9,2010,156.51
Urad Dal,10,2010,158.45
Urad Dal,11,2010,149.12
Urad Dal,12,2010,143.48
Urad Dal,1,2009,130.8
Urad Dal,2,2009,131.42
Urad Dal,3,2009,132.77
Urad Dal,4,2009,137.16
Urad Dal,5,2009,143.81
Urad Dal,6,2009,147.11
Urad Dal,7,2009,163.21
Urad Dal,8,2009,148.33
Urad Dal,9,2009,148.8
Urad Dal,10,2009,158.69
Urad Dal,11,2009,147.9
Urad Dal,12,2009,153.35
Urad Dal,1,2008,116.47
Urad Dal,2,2008,116.55
Urad Dal,3,2008,118.5
Urad Dal,4,2008,120.01
Urad Dal,5,2008,118.94
Urad Dal,6,2008,118.25
Urad Dal,7,2008,122.43
Urad Dal,8,2008,129.52
Urad Dal,9,2008,130.79
Urad Dal,10,2008,131.62
Urad Dal,11,2008,132.24
Urad Dal,12,2008,131.55
Urad Dal,1,2007,152.84
Urad Dal,2,2007,148.35
Urad Dal,3,2007,144.35
Urad Dal,4,2007,141.44
Urad Dal,5,2007,139.0
Urad Dal,6,2007,133.43
Urad Dal,7,2007,131.19
Urad Dal,8,2007,129.13
Urad Dal,9,2007,125.82
Urad Dal,10,2007,124.11
Urad Dal,11,2007,122.55
Urad Dal,12,2007,120.09
Urad Dal,1,2006,120.72
Urad Dal,2,2006,122.53
Urad Dal,3,2006,126.47
Urad Dal,4,2006,142.16
Urad Dal,5,2006,147.31
Urad Dal,6,2006,148.19
Urad Dal,7,2006,147.04
Urad Dal,8,2006,146.84
Urad Dal,9,2006,155.3
Urad Dal,10,2006,164.67
Urad Dal,11,2006,164.79
Urad Dal,12,2006,158.85
Urad Whole,1,2016,165.74
Urad Whole,2,2016,161.04
Urad Whole,3,2016,176.89
Urad Whole,4,2016,172.56
Urad Whole,5,2016,160.94
Urad Whole,6,2016,155.48
Urad Whole,7,2016,171.75
Urad Whole,8,2016,174.79
Urad Whole,9,2016,156.32
Urad Whole,10,2016,170.52
Urad Whole,11,2016,159.43
Urad Whole,12,2016,171.96
Urad Whole,1,2017,154.69
Urad Whole,2,2017,169.03
Urad Whole,3,2017,153.27
Urad Whole,4,2017,154.77
Urad Whole,5,2017,160.01
Urad Whole,6,2017,151.46
Urad Whole,7,2017,174.8
Urad Whole,8,2017,163.45
Urad Whole,9,2017,159.96
Urad Whole,10,2017,176.97
Urad Whole,11,2017,146.24051282051283
Urad Whole,12,2017,146.24051282051283
Urad Whole,1,2018,161.41
Urad Whole,2,2018,157.12
Urad Whole,3,2018,155.6
Urad Whole,4,2018,151.13
Urad Whole,5,2018,175.44
Urad Whole,6,2018,176.3
Urad Whole,7,2018,152.06
Urad Whole,8,2018,154.28
Urad Whole,9,2018,157.02
Urad Whole,10,2018,159.64
Urad Whole,11,2018,146.24051282051283
Urad Whole,12,2018,146.24051282051283
Urad Whole,1,2019,167.95
Urad Whole,2,2019,166.94
Urad Whole,3,2019,169.59
Urad Whole,4,2019,169.97
Urad Whole,5,2019,172.0
Urad Whole,6,2019,176.51
Urad Whole,7,2019,153.99
Urad Whole,8,2019,146.24051282051283
Urad Whole,9,2019,146.24051282051283
Urad Whole,10,2019,146.24051282051283
Urad Whole,11,2019,146.24051282051283
Urad Whole,12,2019,146.24051282051283
Urad Whole,1,2014,168.27
Urad Whole,2,2014,170.62
Urad Whole,3,2014,171.32
Urad Whole,4,2014,177.74
Urad Whole,5,2014,156.3
Urad Whole,6,2014,165.8
Urad Whole,7,2014,172.49
Urad Whole,8,2014,161.82
Urad Whole,9,2014,164.57
Urad Whole,10,2014,154.67
Urad Whole,11,2014,176.28
Urad Whole,12,2014,150.56
Urad Whole,1,2013,154.32
Urad Whole,2,2013,153.22
Urad Whole,3,2013,153.54
Urad Whole,4,2013,152.61
Urad Whole,5,2013,151.78
Urad Whole,6,2013,153.01
Urad Whole,7,2013,152.97
Urad Whole,8,2013,154.19
Urad Whole,9,2013,155.76
Urad Whole,10,2013,160.41
Urad Whole,11,2013,162.39
Urad Whole,12,2013,170.35
Urad Whole,1,2012,158.59
Urad Whole,2,2012,153.31
Urad Whole,3,2012,173.92
Urad Whole,4,2012,169.94
Urad Whole,5,2012,168.63
Urad Whole,6,2012,169.57
Urad Whole,7,2012,177.69
Urad Whole,8,2012,162.03
Urad Whole,9,2012,162.87
Urad Whole,10,2012,159.62
Urad Whole,11,2012,160.8
Urad Whole,12,2012,159.08
Urad Whole,1,2011,167.88
Urad Whole,2,2011,170.15
Urad Whole,3,2011,166.44
Urad Whole,4,2011,165.82
Urad Whole,5,2011,168.94
Urad Whole,6,2011,171.72
Urad Whole,7,2011,170.45
Urad Whole,8,2011,167.89
Urad Whole,9,2011,168.98
Urad Whole,10,2011,165.72
Urad Whole,11,2011,168.42
Urad Whole,12,2011,162.77
Urad Whole,1,2010,154.92
Urad Whole,2,2010,167.33
Urad Whole,3,2010,163.48
Urad Whole,4,2010,171.89
Urad Whole,5,2010,174.25
Urad Whole,6,2010,158.62
Urad Whole,7,2010,158.05
Urad Whole,8,2010,157.42
Urad Whole,9,2010,161.72
Urad Whole,10,2010,158.31
Urad Whole,11,2010,171.86
Urad Whole,12,2010,171.95
Urad Whole,1,2009,133.7
Urad Whole,2,2009,138.78
Urad Whole,3,2009,136.67
Urad Whole,4,2009,140.52
Urad Whole,5,2009,145.25
Urad Whole,6,2009,149.06
Urad Whole,7,2009,169.19
Urad Whole,8,2009,152.87
Urad Whole,9,2009,152.52
Urad Whole,10,2009,163.29
Urad Whole,11,2009,155.55
Urad Whole,12,2009,162.64
Urad Whole,1,2008,113.84
Urad Whole,2,2008,113.21
Urad Whole,3,2008,115.41
Urad Whole,4,2008,117.91
Urad Whole,5,2008,118.33
Urad Whole,6,2008,118.89
Urad Whole,7,2008,123.31
Urad Whole,8,2008,130.79
Urad Whole,9,2008,131.02
Urad Whole,10,2008,134.82
Urad Whole,11,2008,135.48
Urad Whole,12,2008,134.45
Urad Whole,1,2007,151.83
Urad Whole,2,2007,147.32
Urad Whole,3,2007,139.09
Urad Whole,4,2007,134.87
Urad Whole,5,2007,129.64
Urad Whole,6,2007,125.08
Urad Whole,7,2007,124.47
Urad Whole,8,2007,122.14
Urad Whole,9,2007,119.5
Urad Whole,10,2007,119.07
Urad Whole,11,2007,117.11
Urad Whole,12,2007,116.52
Urad Whole,1,2006,137.41
Urad Whole,2,2006,123.6
Urad Whole,3,2006,127.97
Urad Whole,4,2006,143.25
Urad Whole,5,2006,146.07
Urad Whole,6,2006,145.69
Urad Whole,7,2006,146.36
Urad Whole,8,2006,144.49
Urad Whole,9,2006,156.49
Urad Whole,10,2006,167.35
Urad Whole,11,2006,164.14
Urad Whole,12,2006,157.76
Barbati dal,1,2016,133.47
Barbati dal,2,2016,130.49
Barbati dal,3,2016,131.67
Barbati dal,4,2016,139.79
Barbati dal,5,2016,131.67
Barbati dal,6,2016,131.67
Barbati dal,7,2016,131.67
Barbati dal,8,2016,131.67
Barbati dal,9,2016,142.99
Barbati dal,10,2016,147.57
Barbati dal,11,2016,155.13
Barbati dal,12,2016,155.13
Barbati dal,1,2017,142.99
Barbati dal,2,2017,131.67
Barbati dal,3,2017,131.67
Barbati dal,4,2017,131.67
Barbati dal,5,2017,131.67
Barbati dal,6,2017,156.05
Barbati dal,7,2017,146.43
Barbati dal,8,2017,146.39
Barbati dal,9,2017,153.64
Barbati dal,10,2017,142.55
Barbati dal,11,2017,136.53410256410265
Barbati dal,12,2017,136.53410256410265
Barbati dal,1,2018,136.29
Barbati dal,2,2018,136.29
Barbati dal,3,2018,140.17
Barbati dal,4,2018,140.17
Barbati dal,5,2018,140.17
Barbati dal,6,2018,157.08
Barbati dal,7,2018,138.91
Barbati dal,8,2018,138.91
Barbati dal,9,2018,151.05
Barbati dal,10,2018,151.05
Barbati dal,11,2018,136.53410256410265
Barbati dal,12,2018,136.53410256410265
Barbati dal,1,2019,151.05
Barbati dal,2,2019,151.05
Barbati dal,3,2019,157.08
Barbati dal,4,2019,135.95
Barbati dal,5,2019,130.83
Barbati dal,6,2019,135.11
Barbati dal,7,2019,135.11
Barbati dal,8,2019,136.53410256410265
Barbati dal,9,2019,136.53410256410265
Barbati dal,10,2019,136.53410256410265
Barbati dal,11,2019,136.53410256410265
Barbati dal,12,2019,136.53410256410265
Barbati dal,1,2014,133.85
Barbati dal,2,2014,151.31
Barbati dal,3,2014,155.82
Barbati dal,4,2014,138.91
Barbati dal,5,2014,135.11
Barbati dal,6,2014,133.85
Barbati dal,7,2014,146.73
Barbati dal,8,2014,141.96
Barbati dal,9,2014,144.94
Barbati dal,10,2014,151.58
Barbati dal,11,2014,135.45
Barbati dal,12,2014,139.88
Barbati dal,1,2013,151.05
Barbati dal,2,2013,151.05
Barbati dal,3,2013,151.05
Barbati dal,4,2013,135.11
Barbati dal,5,2013,140.17
Barbati dal,6,2013,140.17
Barbati dal,7,2013,140.17
Barbati dal,8,2013,140.17
Barbati dal,9,2013,152.23
Barbati dal,10,2013,152.23
Barbati dal,11,2013,152.23
Barbati dal,12,2013,141.14
Barbati dal,1,2012,153.15
Barbati dal,2,2012,153.15
Barbati dal,3,2012,153.15
Barbati dal,4,2012,153.15
Barbati dal,5,2012,153.15
Barbati dal,6,2012,153.15
Barbati dal,7,2012,134.23
Barbati dal,8,2012,140.91
Barbati dal,9,2012,143.53
Barbati dal,10,2012,148.11
Barbati dal,11,2012,149.56
Barbati dal,12,2012,151.05
Barbati dal,1,2011,154.4
Barbati dal,2,2011,154.4
Barbati dal,3,2011,154.4
Barbati dal,4,2011,154.4
Barbati dal,5,2011,154.4
Barbati dal,6,2011,151.35
Barbati dal,7,2011,151.35
Barbati dal,8,2011,148.37
Barbati dal,9,2011,154.37
Barbati dal,10,2011,147.11
Barbati dal,11,2011,153.15
Barbati dal,12,2011,153.15
Barbati dal,1,2010,139.73
Barbati dal,2,2010,139.73
Barbati dal,3,2010,139.73
Barbati dal,4,2010,143.53
Barbati dal,5,2010,155.59
Barbati dal,6,2010,155.59
Barbati dal,7,2010,132.47
Barbati dal,8,2010,149.56
Barbati dal,9,2010,143.53
Barbati dal,10,2010,143.53
Barbati dal,11,2010,141.52
Barbati dal,12,2010,138.72
Barbati dal,1,2009,150.78
Barbati dal,2,2009,150.99
Barbati dal,3,2009,157.02
Barbati dal,4,2009,136.27
Barbati dal,5,2009,142.69
Barbati dal,6,2009,144.14
Barbati dal,7,2009,153.15
Barbati dal,8,2009,143.53
Barbati dal,9,2009,138.47
Barbati dal,10,2009,154.4
Barbati dal,11,2009,143.76
Barbati dal,12,2009,155.82
Barbati dal,1,2008,150.99
Barbati dal,2,2008,132.82
Barbati dal,3,2008,157.02
Barbati dal,4,2008,157.02
Barbati dal,5,2008,157.02
Barbati dal,6,2008,157.02
Barbati dal,7,2008,157.02
Barbati dal,8,2008,157.02
Barbati dal,9,2008,153.15
Barbati dal,10,2008,153.15
Barbati dal,11,2008,153.15
Barbati dal,12,2008,153.15
Barbati dal,1,2007,139.63
Barbati dal,2,2007,135.05
Barbati dal,3,2007,141.08
Barbati dal,4,2007,141.08
Barbati dal,5,2007,136.27
Barbati dal,6,2007,157.02
Barbati dal,7,2007,157.02
Barbati dal,8,2007,132.61
Barbati dal,9,2007,135.05
Barbati dal,10,2007,157.02
Barbati dal,11,2007,153.15
Barbati dal,12,2007,141.08
Barbati dal,1,2006,120.76
Barbati dal,2,2006,120.76
Barbati dal,3,2006,120.76
Barbati dal,4,2006,157.02
Barbati dal,5,2006,157.02
Barbati dal,6,2006,157.02
Barbati dal,7,2006,133.6
Barbati dal,8,2006,141.08
Barbati dal,9,2006,132.0
Barbati dal,10,2006,141.08
Barbati dal,11,2006,141.08
Barbati dal,12,2006,141.08
Peas Dal,1,2016,315.31
Peas Dal,2,2016,312.75
Peas Dal,3,2016,313.32
Peas Dal,4,2016,316.37
Peas Dal,5,2016,325.39
Peas Dal,6,2016,330.33
Peas Dal,7,2016,337.91
Peas Dal,8,2016,334.89
Peas Dal,9,2016,340.73
Peas Dal,10,2016,338.15
Peas Dal,11,2016,335.69
Peas Dal,12,2016,332.15
Peas Dal,1,2017,333.52
Peas Dal,2,2017,326.84
Peas Dal,3,2017,319.24
Peas Dal,4,2017,318.9
Peas Dal,5,2017,320.6
Peas Dal,6,2017,317.71
Peas Dal,7,2017,314.36
Peas Dal,8,2017,314.21
Peas Dal,9,2017,312.12
Peas Dal,10,2017,300.81
Peas Dal,11,2017,224.8
Peas Dal,12,2017,224.8
Peas Dal,1,2018,315.76
Peas Dal,2,2018,325.45
Peas Dal,3,2018,329.81
Peas Dal,4,2018,328.37
Peas Dal,5,2018,350.2
Peas Dal,6,2018,321.63
Peas Dal,7,2018,342.02
Peas Dal,8,2018,321.54
Peas Dal,9,2018,332.36
Peas Dal,10,2018,338.8
Peas Dal,11,2018,224.8
Peas Dal,12,2018,224.8
Peas Dal,1,2019,352.81
Peas Dal,2,2019,355.4
Peas Dal,3,2019,356.66
Peas Dal,4,2019,368.79
Peas Dal,5,2019,375.45
Peas Dal,6,2019,381.06
Peas Dal,7,2019,384.94
Peas Dal,8,2019,224.8
Peas Dal,9,2019,224.8
Peas Dal,10,2019,224.8
Peas Dal,11,2019,224.8
Peas Dal,12,2019,224.8
Peas Dal,1,2014,335.14
Peas Dal,2,2014,326.16
Peas Dal,3,2014,323.61
Peas Dal,4,2014,324.89
Peas Dal,5,2014,324.91
Peas Dal,6,2014,321.96
Peas Dal,7,2014,320.7
Peas Dal,8,2014,321.58
Peas Dal,9,2014,323.99
Peas Dal,10,2014,326.67
Peas Dal,11,2014,323.31
Peas Dal,12,2014,322.74
Peas Dal,1,2013,268.51
Peas Dal,2,2013,270.91
Peas Dal,3,2013,277.41
Peas Dal,4,2013,288.6
Peas Dal,5,2013,299.3
Peas Dal,6,2013,329.14
Peas Dal,7,2013,324.93
Peas Dal,8,2013,327.48
Peas Dal,9,2013,341.85
Peas Dal,10,2013,341.5
Peas Dal,11,2013,328.33
Peas Dal,12,2013,344.29
Peas Dal,1,2012,214.24
Peas Dal,2,2012,215.02
Peas Dal,3,2012,216.17
Peas Dal,4,2012,221.08
Peas Dal,5,2012,235.92
Peas Dal,6,2012,248.06
Peas Dal,7,2012,254.28
Peas Dal,8,2012,263.93
Peas Dal,9,2012,269.23
Peas Dal,10,2012,268.78
Peas Dal,11,2012,270.02
Peas Dal,12,2012,269.08
Peas Dal,1,2011,188.57
Peas Dal,2,2011,192.33
Peas Dal,3,2011,189.8
Peas Dal,4,2011,192.51
Peas Dal,5,2011,193.5
Peas Dal,6,2011,193.34
Peas Dal,7,2011,196.17
Peas Dal,8,2011,197.63
Peas Dal,9,2011,203.62
Peas Dal,10,2011,206.7
Peas Dal,11,2011,208.91
Peas Dal,12,2011,212.67
Peas Dal,1,2010,191.08
Peas Dal,2,2010,188.69
Peas Dal,3,2010,184.83
Peas Dal,4,2010,186.69
Peas Dal,5,2010,184.72
Peas Dal,6,2010,185.64
Peas Dal,7,2010,186.21
Peas Dal,8,2010,185.81
Peas Dal,9,2010,186.47
Peas Dal,10,2010,186.32
Peas Dal,11,2010,188.09
Peas Dal,12,2010,189.21
Peas Dal,1,2009,190.58
Peas Dal,2,2009,189.4
Peas Dal,3,2009,187.84
Peas Dal,4,2009,189.17
Peas Dal,5,2009,189.23
Peas Dal,6,2009,188.91
Peas Dal,7,2009,193.02
Peas Dal,8,2009,196.92
Peas Dal,9,2009,194.11
Peas Dal,10,2009,191.02
Peas Dal,11,2009,191.92
Peas Dal,12,2009,192.58
Peas Dal,1,2008,123.15
Peas Dal,2,2008,123.08
Peas Dal,3,2008,124.08
Peas Dal,4,2008,125.12
Peas Dal,5,2008,127.01
Peas Dal,6,2008,127.45
Peas Dal,7,2008,126.07
Peas Dal,8,2008,127.42
Peas Dal,9,2008,129.74
Peas Dal,10,2008,132.31
Peas Dal,11,2008,130.23
Peas Dal,12,2008,130.51
Peas Dal,1,2007,123.15
Peas Dal,2,2007,123.08
Peas Dal,3,2007,124.08
Peas Dal,4,2007,125.12
Peas Dal,5,2007,127.01
Peas Dal,6,2007,127.45
Peas Dal,7,2007,126.07
Peas Dal,8,2007,127.42
Peas Dal,9,2007,129.74
Peas Dal,10,2007,132.31
Peas Dal,11,2007,130.23
Peas Dal,12,2007,130.51
Peas Dal,1,2006,123.15
Peas Dal,2,2006,123.08
Peas Dal,3,2006,124.08
Peas Dal,4,2006,125.12
Peas Dal,5,2006,127.01
Peas Dal,6,2006,127.45
Peas Dal,7,2006,126.07
Peas Dal,8,2006,127.42
Peas Dal,9,2006,129.74
Peas Dal,10,2006,132.31
Peas Dal,11,2006,130.23
Peas Dal,12,2006,130.51
Rongi,1,2016,144.52
Rongi,2,2016,156.57
Rongi,3,2016,136.05
Rongi,4,2016,140.69
Rongi,5,2016,146.21
Rongi,6,2016,149.8
Rongi,7,2016,157.84
Rongi,8,2016,132.47
Rongi,9,2016,159.69
Rongi,10,2016,155.05
Rongi,11,2016,158.0
Rongi,12,2016,135.95
Rongi,1,2017,141.68
Rongi,2,2017,165.44
Rongi,3,2017,168.25
Rongi,4,2017,137.71
Rongi,5,2017,137.38
Rongi,6,2017,153.32
Rongi,7,2017,144.27
Rongi,8,2017,143.11
Rongi,9,2017,143.69
Rongi,10,2017,136.32
Rongi,11,2017,137.67
Rongi,12,2017,137.67
Rongi,1,2018,153.5
Rongi,2,2018,148.38
Rongi,3,2018,146.13
Rongi,4,2018,139.51
Rongi,5,2018,136.55
Rongi,6,2018,135.35
Rongi,7,2018,157.48
Rongi,8,2018,157.63
Rongi,9,2018,141.94
Rongi,10,2018,138.98
Rongi,11,2018,137.67
Rongi,12,2018,137.67
Rongi,1,2019,161.58
Rongi,2,2019,158.25
Rongi,3,2019,157.46
Rongi,4,2019,155.78
Rongi,5,2019,160.91
Rongi,6,2019,151.48
Rongi,7,2019,157.54
Rongi,8,2019,137.67
Rongi,9,2019,137.67
Rongi,10,2019,137.67
Rongi,11,2019,137.67
Rongi,12,2019,137.67
Rongi,1,2014,145.26
Rongi,2,2014,151.78
Rongi,3,2014,134.29
Rongi,4,2014,135.6
Rongi,5,2014,159.3
Rongi,6,2014,136.24
Rongi,7,2014,134.42
Rongi,8,2014,134.82
Rongi,9,2014,137.1
Rongi,10,2014,150.52
Rongi,11,2014,155.72
Rongi,12,2014,153.89
Rongi,1,2013,159.31
Rongi,2,2013,153.02
Rongi,3,2013,147.55
Rongi,4,2013,158.0
Rongi,5,2013,151.07
Rongi,6,2013,140.18
Rongi,7,2013,146.66
Rongi,8,2013,156.87
Rongi,9,2013,156.57
Rongi,10,2013,147.47
Rongi,11,2013,146.16
Rongi,12,2013,142.16
Rongi,1,2012,143.92
Rongi,2,2012,159.19
Rongi,3,2012,137.62
Rongi,4,2012,156.62
Rongi,5,2012,138.57
Rongi,6,2012,139.91
Rongi,7,2012,150.02
Rongi,8,2012,157.59
Rongi,9,2012,151.97
Rongi,10,2012,134.6
Rongi,11,2012,153.65
Rongi,12,2012,156.57
Rongi,1,2011,142.13
Rongi,2,2011,143.59
Rongi,3,2011,137.49
Rongi,4,2011,142.58
Rongi,5,2011,135.12
Rongi,6,2011,137.21
Rongi,7,2011,140.54
Rongi,8,2011,140.4
Rongi,9,2011,141.86
Rongi,10,2011,143.99
Rongi,11,2011,153.53
Rongi,12,2011,151.14
Rongi,1,2010,156.84
Rongi,2,2010,132.7
Rongi,3,2010,156.32
Rongi,4,2010,159.95
Rongi,5,2010,135.54
Rongi,6,2010,140.37
Rongi,7,2010,143.92
Rongi,8,2010,137.26
Rongi,9,2010,153.47
Rongi,10,2010,155.79
Rongi,11,2010,137.9
Rongi,12,2010,140.78
Rongi,1,2009,138.01
Rongi,2,2009,140.48
Rongi,3,2009,142.54
Rongi,4,2009,143.18
Rongi,5,2009,144.67
Rongi,6,2009,140.48
Rongi,7,2009,139.02
Rongi,8,2009,146.58
Rongi,9,2009,142.88
Rongi,10,2009,158.74
Rongi,11,2009,139.31
Rongi,12,2009,139.64
Rongi,1,2008,137.11
Rongi,2,2008,138.91
Rongi,3,2008,141.9
Rongi,4,2008,133.18
Rongi,5,2008,132.21
Rongi,6,2008,133.07
Rongi,7,2008,137.94
Rongi,8,2008,139.28
Rongi,9,2008,137.07
Rongi,10,2008,159.05
Rongi,11,2008,152.58
Rongi,12,2008,134.16
Rongi,1,2007,132.47
Rongi,2,2007,152.58
Rongi,3,2007,152.13
Rongi,4,2007,155.38
Rongi,5,2007,159.16
Rongi,6,2007,138.42
Rongi,7,2007,142.73
Rongi,8,2007,143.63
Rongi,9,2007,132.44
Rongi,10,2007,159.95
Rongi,11,2007,159.24
Rongi,12,2007,143.59
Rongi,1,2006,151.2
Rongi,2,2006,146.93
Rongi,3,2006,147.31
Rongi,4,2006,155.5
Rongi,5,2006,159.36
Rongi,6,2006,134.76
Rongi,7,2006,134.65
Rongi,8,2006,137.83
Rongi,9,2006,138.13
Rongi,10,2006,141.65
Rongi,11,2006,151.23
Rongi,12,2006,136.96
Moong Dal,1,2016,119.34
Moong Dal,2,2016,110.53
Moong Dal,3,2016,110.8
Moong Dal,4,2016,109.5
Moong Dal,5,2016,113.89
Moong Dal,6,2016,132.96
Moong Dal,7,2016,122.91
Moong Dal,8,2016,112.23
Moong Dal,9,2016,118.19
Moong Dal,10,2016,109.04
Moong Dal,11,2016,131.43
Moong Dal,12,2016,119.62
Moong Dal,1,2016,120.07
Moong Dal,2,2016,109.26
Moong Dal,3,2016,106.96
Moong Dal,4,2016,110.35
Moong Dal,5,2016,107.93
Moong Dal,6,2016,129.98
Moong Dal,7,2016,131.96
Moong Dal,8,2016,111.3
Moong Dal,9,2016,118.83
Moong Dal,10,2016,114.96
Moong Dal,11,2016,108.78
Moong Dal,12,2016,130.98
Moong Dal,1,2017,114.23
Moong Dal,2,2017,110.73
Moong Dal,3,2017,110.84
Moong Dal,4,2017,114.01
Moong Dal,5,2017,113.96
Moong Dal,6,2017,113.61
Moong Dal,7,2017,110.06
Moong Dal,8,2017,107.09
Moong Dal,9,2017,112.57
Moong Dal,10,2017,114.04
Moong Dal,11,2017,112.0
Moong Dal,12,2017,112.0
Moong Dal,1,2017,118.52
Moong Dal,2,2017,111.62
Moong Dal,3,2017,111.62
Moong Dal,4,2017,108.16
Moong Dal,5,2017,108.82
Moong Dal,6,2017,110.12
Moong Dal,7,2017,131.85
Moong Dal,8,2017,128.77
Moong Dal,9,2017,133.41
Moong Dal,10,2017,106.88
Moong Dal,11,2017,112.0
Moong Dal,12,2017,112.0
Moong Dal,1,2018,106.92
Moong Dal,2,2018,109.92
Moong Dal,3,2018,108.49
Moong Dal,4,2018,108.81
Moong Dal,5,2018,109.54
Moong Dal,6,2018,113.72
Moong Dal,7,2018,115.04
Moong Dal,8,2018,115.65
Moong Dal,9,2018,114.94
Moong Dal,10,2018,119.1
Moong Dal,11,2018,112.0
Moong Dal,12,2018,112.0
Moong Dal,1,2018,131.46
Moong Dal,2,2018,131.05
Moong Dal,3,2018,131.56
Moong Dal,4,2018,132.05
Moong Dal,5,2018,133.17
Moong Dal,6,2018,133.21
Moong Dal,7,2018,106.7
Moong Dal,8,2018,107.24
Moong Dal,9,2018,109.41
Moong Dal,10,2018,110.4
Moong Dal,11,2018,112.0
Moong Dal,12,2018,112.0
Moong Dal,1,2019,123.01
Moong Dal,2,2019,123.96
Moong Dal,3,2019,126.81
Moong Dal,4,2019,128.73
Moong Dal,5,2019,131.15
Moong Dal,6,2019,109.69
Moong Dal,7,2019,112.69
Moong Dal,8,2019,112.0
Moong Dal,9,2019,112.0
Moong Dal,10,2019,112.0
Moong Dal,11,2019,112.0
Moong Dal,12,2019,112.0
Moong Dal,1,2019,119.86
Moong Dal,2,2019,120.06
Moong Dal,3,2019,120.76
Moong Dal,4,2019,123.82
Moong Dal,5,2019,130.06
Moong Dal,6,2019,106.65
Moong Dal,7,2019,109.92
Moong Dal,8,2019,112.0
Moong Dal,9,2019,112.0
Moong Dal,10,2019,112.0
Moong Dal,11,2019,112.0
Moong Dal,12,2019,112.0
Moong Dal,1,2014,118.92
Moong Dal,2,2014,111.01
Moong Dal,3,2014,124.38
Moong Dal,4,2014,107.95
Moong Dal,5,2014,114.27
Moong Dal,6,2014,108.98
Moong Dal,7,2014,131.33
Moong Dal,8,2014,133.17
Moong Dal,9,2014,130.79
Moong Dal,10,2014,128.49
Moong Dal,11,2014,109.17
Moong Dal,12,2014,117.4
Moong Dal,1,2014,124.54
Moong Dal,2,2014,111.82
Moong Dal,3,2014,116.97
Moong Dal,4,2014,130.72
Moong Dal,5,2014,111.66
Moong Dal,6,2014,109.18
Moong Dal,7,2014,106.28
Moong Dal,8,2014,106.26
Moong Dal,9,2014,106.22
Moong Dal,10,2014,109.18
Moong Dal,11,2014,118.14
Moong Dal,12,2014,126.39
Moong Dal,1,2013,127.3
Moong Dal,2,2013,129.58
Moong Dal,3,2013,130.95
Moong Dal,4,2013,107.87
Moong Dal,5,2013,112.0
Moong Dal,6,2013,110.85
Moong Dal,7,2013,108.04
Moong Dal,8,2013,133.24
Moong Dal,9,2013,133.59
Moong Dal,10,2013,133.01
Moong Dal,11,2013,108.34
Moong Dal,12,2013,113.23
Moong Dal,1,2013,131.56
Moong Dal,2,2013,132.63
Moong Dal,3,2013,133.79
Moong Dal,4,2013,109.76
Moong Dal,5,2013,113.56
Moong Dal,6,2013,115.55
Moong Dal,7,2013,114.1
Moong Dal,8,2013,110.9
Moong Dal,9,2013,109.09
Moong Dal,10,2013,108.69
Moong Dal,11,2013,112.49
Moong Dal,12,2013,115.7
Moong Dal,1,2012,108.48
Moong Dal,2,2012,109.48
Moong Dal,3,2012,109.25
Moong Dal,4,2012,108.71
Moong Dal,5,2012,108.76
Moong Dal,6,2012,106.56
Moong Dal,7,2012,111.63
Moong Dal,8,2012,116.27
Moong Dal,9,2012,118.73
Moong Dal,10,2012,116.83
Moong Dal,11,2012,122.41
Moong Dal,12,2012,124.84
Moong Dal,1,2012,110.3
Moong Dal,2,2012,107.83
Moong Dal,3,2012,133.09
Moong Dal,4,2012,131.46
Moong Dal,5,2012,106.93
Moong Dal,6,2012,110.49
Moong Dal,7,2012,113.69
Moong Dal,8,2012,120.77
Moong Dal,9,2012,125.73
Moong Dal,10,2012,126.16
Moong Dal,11,2012,127.67
Moong Dal,12,2012,130.58
Moong Dal,1,2011,131.38
Moong Dal,2,2011,109.43
Moong Dal,3,2011,113.04
Moong Dal,4,2011,115.47
Moong Dal,5,2011,112.97
Moong Dal,6,2011,111.38
Moong Dal,7,2011,114.82
Moong Dal,8,2011,114.07
Moong Dal,9,2011,111.89
Moong Dal,10,2011,113.13
Moong Dal,11,2011,110.56
Moong Dal,12,2011,107.6
Moong Dal,1,2011,114.68
Moong Dal,2,2011,114.43
Moong Dal,3,2011,115.48
Moong Dal,4,2011,112.41
Moong Dal,5,2011,111.86
Moong Dal,6,2011,111.33
Moong Dal,7,2011,114.35
Moong Dal,8,2011,113.54
Moong Dal,9,2011,115.88
Moong Dal,10,2011,110.17
Moong Dal,11,2011,110.47
Moong Dal,12,2011,113.29
Moong Dal,1,2010,115.39
Moong Dal,2,2010,110.54
Moong Dal,3,2010,108.15
Moong Dal,4,2010,118.04
Moong Dal,5,2010,124.79
Moong Dal,6,2010,128.7
Moong Dal,7,2010,128.38
Moong Dal,8,2010,115.79
Moong Dal,9,2010,119.1
Moong Dal,10,2010,110.19
Moong Dal,11,2010,107.42
Moong Dal,12,2010,130.53
Moong Dal,1,2010,129.47
Moong Dal,2,2010,120.34
Moong Dal,3,2010,117.26
Moong Dal,4,2010,131.84
Moong Dal,5,2010,112.36
Moong Dal,6,2010,115.1
Moong Dal,7,2010,112.3
Moong Dal,8,2010,127.24
Moong Dal,9,2010,133.83
Moong Dal,10,2010,127.14
Moong Dal,11,2010,114.76
Moong Dal,12,2010,109.41
Moong Dal,1,2009,124.74
Moong Dal,2,2009,127.11
Moong Dal,3,2009,129.94
Moong Dal,4,2009,111.25
Moong Dal,5,2009,117.8
Moong Dal,6,2009,120.93
Moong Dal,7,2009,112.22
Moong Dal,8,2009,113.62
Moong Dal,9,2009,116.79
Moong Dal,10,2009,111.19
Moong Dal,11,2009,132.07
Moong Dal,12,2009,115.16
Moong Dal,1,2009,129.23
Moong Dal,2,2009,133.67
Moong Dal,3,2009,107.5
Moong Dal,4,2009,116.09
Moong Dal,5,2009,125.18
Moong Dal,6,2009,128.54
Moong Dal,7,2009,109.65
Moong Dal,8,2009,120.59
Moong Dal,9,2009,124.12
Moong Dal,10,2009,110.13
Moong Dal,11,2009,120.75
Moong Dal,12,2009,128.57
Moong Dal,1,2008,123.44
Moong Dal,2,2008,125.03
Moong Dal,3,2008,127.62
Moong Dal,4,2008,128.9
Moong Dal,5,2008,129.61
Moong Dal,6,2008,130.75
Moong Dal,7,2008,109.17
Moong Dal,8,2008,123.71
Moong Dal,9,2008,125.88
Moong Dal,10,2008,125.38
Moong Dal,11,2008,123.51
Moong Dal,12,2008,122.85
Moong Dal,1,2008,132.4
Moong Dal,2,2008,132.71
Moong Dal,3,2008,107.82
Moong Dal,4,2008,108.49
Moong Dal,5,2008,107.76
Moong Dal,6,2008,107.73
Moong Dal,7,2008,114.25
Moong Dal,8,2008,126.0
Moong Dal,9,2008,127.06
Moong Dal,10,2008,129.65
Moong Dal,11,2008,130.09
Moong Dal,12,2008,128.4
Moong Dal,1,2007,121.46
Moong Dal,2,2007,122.64
Moong Dal,3,2007,123.07
Moong Dal,4,2007,123.96
Moong Dal,5,2007,121.38
Moong Dal,6,2007,114.74
Moong Dal,7,2007,112.44
Moong Dal,8,2007,109.05
Moong Dal,9,2007,127.96
Moong Dal,10,2007,125.7
Moong Dal,11,2007,125.38
Moong Dal,12,2007,122.87
Moong Dal,1,2007,129.03
Moong Dal,2,2007,130.65
Moong Dal,3,2007,130.98
Moong Dal,4,2007,131.79
Moong Dal,5,2007,130.41
Moong Dal,6,2007,125.92
Moong Dal,7,2007,123.19
Moong Dal,8,2007,120.67
Moong Dal,9,2007,111.26
Moong Dal,10,2007,107.88
Moong Dal,11,2007,106.36
Moong Dal,12,2007,133.48
Moong Dal,1,2006,121.07
Moong Dal,2,2006,124.85
Moong Dal,3,2006,110.3
Moong Dal,4,2006,132.96
Moong Dal,5,2006,131.16
Moong Dal,6,2006,128.3
Moong Dal,7,2006,122.5
Moong Dal,8,2006,118.0
Moong Dal,9,2006,120.81
Moong Dal,10,2006,122.94
Moong Dal,11,2006,123.06
Moong Dal,12,2006,121.24
Moong Dal,1,2006,122.87
Moong Dal,2,2006,129.17
Moong Dal,3,2006,108.97
Moong Dal,4,2006,132.25
Moong Dal,5,2006,108.25
Moong Dal,6,2006,107.45
Moong Dal,7,2006,132.13
Moong Dal,8,2006,128.04
Moong Dal,9,2006,130.41
Moong Dal,10,2006,132.38
Moong Dal,11,2006,131.11
Moong Dal,12,2006,129.39
Masur Whole,1,2016,174.44
Masur Whole,2,2016,174.22
Masur Whole,3,2016,174.03
Masur Whole,4,2016,169.25
Masur Whole,5,2016,171.9
Masur Whole,6,2016,161.12
Masur Whole,7,2016,166.31
Masur Whole,8,2016,164.25
Masur Whole,9,2016,164.07
Masur Whole,10,2016,164.1
Masur Whole,11,2016,165.3
Masur Whole,12,2016,165.26
Masur Whole,1,2017,158.81
Masur Whole,2,2017,173.99
Masur Whole,3,2017,170.67
Masur Whole,4,2017,165.45
Masur Whole,5,2017,157.87
Masur Whole,6,2017,150.26
Masur Whole,7,2017,153.96
Masur Whole,8,2017,174.18
Masur Whole,9,2017,175.75
Masur Whole,10,2017,176.01
Masur Whole,11,2017,152.56
Masur Whole,12,2017,152.56
Masur Whole,1,2018,176.87
Masur Whole,2,2018,176.87
Masur Whole,3,2018,174.51
Masur Whole,4,2018,175.71
Masur Whole,5,2018,176.83
Masur Whole,6,2018,171.75
Masur Whole,7,2018,177.54
Masur Whole,8,2018,174.63
Masur Whole,9,2018,173.96
Masur Whole,10,2018,170.52
Masur Whole,11,2018,152.56
Masur Whole,12,2018,152.56
Masur Whole,1,2019,177.05
Masur Whole,2,2019,170.93
Masur Whole,3,2019,179.18
Masur Whole,4,2019,175.26
Masur Whole,5,2019,155.71
Masur Whole,6,2019,159.85
Masur Whole,7,2019,163.73
Masur Whole,8,2019,152.56
Masur Whole,9,2019,152.56
Masur Whole,10,2019,152.56
Masur Whole,11,2019,152.56
Masur Whole,12,2019,152.56
Masur Whole,1,2014,153.25
Masur Whole,2,2014,177.99
Masur Whole,3,2014,177.72
Masur Whole,4,2014,179.85
Masur Whole,5,2014,175.15
Masur Whole,6,2014,173.77
Masur Whole,7,2014,176.16
Masur Whole,8,2014,155.19
Masur Whole,9,2014,164.89
Masur Whole,10,2014,153.1
Masur Whole,11,2014,157.39
Masur Whole,12,2014,162.84
Masur Whole,1,2013,156.23
Masur Whole,2,2013,155.22
Masur Whole,3,2013,154.63
Masur Whole,4,2013,155.75
Masur Whole,5,2013,161.46
Masur Whole,6,2013,161.75
Masur Whole,7,2013,161.75
Masur Whole,8,2013,161.19
Masur Whole,9,2013,159.25
Masur Whole,10,2013,164.81
Masur Whole,11,2013,153.02
Masur Whole,12,2013,153.02
Masur Whole,1,2012,161.9
Masur Whole,2,2012,161.9
Masur Whole,3,2012,161.19
Masur Whole,4,2012,165.71
Masur Whole,5,2012,176.72
Masur Whole,6,2012,173.4
Masur Whole,7,2012,179.7
Masur Whole,8,2012,152.61
Masur Whole,9,2012,158.77
Masur Whole,10,2012,159.55
Masur Whole,11,2012,159.51
Masur Whole,12,2012,158.25
Masur Whole,1,2011,166.83
Masur Whole,2,2011,167.99
Masur Whole,3,2011,168.21
Masur Whole,4,2011,166.87
Masur Whole,5,2011,162.87
Masur Whole,6,2011,162.39
Masur Whole,7,2011,163.02
Masur Whole,8,2011,162.39
Masur Whole,9,2011,163.21
Masur Whole,10,2011,163.17
Masur Whole,11,2011,161.79
Masur Whole,12,2011,158.54
Masur Whole,1,2010,169.74
Masur Whole,2,2010,162.76
Masur Whole,3,2010,175.3
Masur Whole,4,2010,156.94
Masur Whole,5,2010,173.62
Masur Whole,6,2010,171.34
Masur Whole,7,2010,179.07
Masur Whole,8,2010,171.08
Masur Whole,9,2010,162.61
Masur Whole,10,2010,161.01
Masur Whole,11,2010,167.99
Masur Whole,12,2010,167.69
Masur Whole,1,2009,173.21
Masur Whole,2,2009,160.56
Masur Whole,3,2009,161.16
Masur Whole,4,2009,176.57
Masur Whole,5,2009,156.94
Masur Whole,6,2009,163.25
Masur Whole,7,2009,166.01
Masur Whole,8,2009,168.73
Masur Whole,9,2009,169.74
Masur Whole,10,2009,171.31
Masur Whole,11,2009,171.27
Masur Whole,12,2009,171.27
Masur Whole,1,2008,160.45
Masur Whole,2,2008,158.54
Masur Whole,3,2008,163.69
Masur Whole,4,2008,170.22
Masur Whole,5,2008,176.04
Masur Whole,6,2008,157.28
Masur Whole,7,2008,166.72
Masur Whole,8,2008,175.45
Masur Whole,9,2008,165.45
Masur Whole,10,2008,170.15
Masur Whole,11,2008,171.64
Masur Whole,12,2008,173.36
Masur Whole,1,2007,125.63
Masur Whole,2,2007,125.04
Masur Whole,3,2007,133.36
Masur Whole,4,2007,142.28
Masur Whole,5,2007,145.07
Masur Whole,6,2007,148.69
Masur Whole,7,2007,160.11
Masur Whole,8,2007,159.07
Masur Whole,9,2007,164.59
Masur Whole,10,2007,164.96
Masur Whole,11,2007,166.12
Masur Whole,12,2007,160.82
Masur Whole,1,2006,117.01
Masur Whole,2,2006,115.52
Masur Whole,3,2006,121.46
Masur Whole,4,2006,132.01
Masur Whole,5,2006,139.66
Masur Whole,6,2006,130.86
Masur Whole,7,2006,130.34
Masur Whole,8,2006,128.4
Masur Whole,9,2006,128.51
Masur Whole,10,2006,125.04
Masur Whole,11,2006,126.12
Masur Whole,12,2006,126.6
Gram Dal,1,2016,173.12
Gram Dal,2,2016,168.82999999999998
Gram Dal,3,2016,169.0
Gram Dal,4,2016,154.25
Gram Dal,5,2016,169.39
Gram Dal,6,2016,167.05
Gram Dal,7,2016,169.95999999999998
Gram Dal,8,2016,160.14
Gram Dal,9,2016,170.06
Gram Dal,10,2016,162.58999999999995
Gram Dal,11,2016,176.3
Gram Dal,12,2016,171.89999999999998
Gram Dal,1,2017,177.48000000000002
Gram Dal,2,2017,150.86
Gram Dal,3,2017,171.24
Gram Dal,4,2017,167.02999999999997
Gram Dal,5,2017,163.8
Gram Dal,6,2017,159.3
Gram Dal,7,2017,153.37
Gram Dal,8,2017,150.07
Gram Dal,9,2017,155.51
Gram Dal,10,2017,154.52999999999997
Gram Dal,11,2017,143.53980769230768
Gram Dal,12,2017,143.53980769230768
Gram Dal,1,2018,155.37
Gram Dal,2,2018,171.05
Gram Dal,3,2018,166.51
Gram Dal,4,2018,153.34
Gram Dal,5,2018,173.88
Gram Dal,6,2018,169.17
Gram Dal,7,2018,171.76
Gram Dal,8,2018,175.7
Gram Dal,9,2018,177.77
Gram Dal,10,2018,151.79
Gram Dal,11,2018,143.53980769230768
Gram Dal,12,2018,143.53980769230768
Gram Dal,1,2019,165.49
Gram Dal,2,2019,165.99
Gram Dal,3,2019,165.51999999999998
Gram Dal,4,2019,164.8
Gram Dal,5,2019,167.77999999999997
Gram Dal,6,2019,170.38
Gram Dal,7,2019,170.76
Gram Dal,8,2019,143.53980769230768
Gram Dal,9,2019,143.53980769230768
Gram Dal,10,2019,143.53980769230768
Gram Dal,11,2019,143.53980769230768
Gram Dal,12,2019,143.53980769230768
Gram Dal,1,2014,165.74
Gram Dal,2,2014,161.03
Gram Dal,3,2014,159.97
Gram Dal,4,2014,160.75
Gram Dal,5,2014,158.41
Gram Dal,6,2014,155.3
Gram Dal,7,2014,154.27
Gram Dal,8,2014,154.85
Gram Dal,9,2014,156.73
Gram Dal,10,2014,157.12
Gram Dal,11,2014,156.05
Gram Dal,12,2014,157.62
Gram Dal,1,2013,151.33
Gram Dal,2,2013,167.06
Gram Dal,3,2013,163.62
Gram Dal,4,2013,155.19
Gram Dal,5,2013,176.9
Gram Dal,6,2013,175.13
Gram Dal,7,2013,171.14
Gram Dal,8,2013,167.0
Gram Dal,9,2013,169.78
Gram Dal,10,2013,170.09
Gram Dal,11,2013,169.32
Gram Dal,12,2013,168.9
Gram Dal,1,2012,167.9
Gram Dal,2,2012,167.53
Gram Dal,3,2012,170.08
Gram Dal,4,2012,165.96
Gram Dal,5,2012,176.96
Gram Dal,6,2012,160.86
Gram Dal,7,2012,171.27
Gram Dal,8,2012,165.55
Gram Dal,9,2012,169.57
Gram Dal,10,2012,166.13
Gram Dal,11,2012,162.31
Gram Dal,12,2012,160.81
Gram Dal,1,2011,138.82
Gram Dal,2,2011,142.46
Gram Dal,3,2011,143.1
Gram Dal,4,2011,141.35
Gram Dal,5,2011,140.71
Gram Dal,6,2011,140.99
Gram Dal,7,2011,146.86
Gram Dal,8,2011,157.06
Gram Dal,9,2011,177.16
Gram Dal,10,2011,165.26
Gram Dal,11,2011,166.59
Gram Dal,12,2011,166.61
Gram Dal,1,2010,146.65
Gram Dal,2,2010,139.31
Gram Dal,3,2010,135.37
Gram Dal,4,2010,133.63
Gram Dal,5,2010,132.52
Gram Dal,6,2010,131.07
Gram Dal,7,2010,131.93
Gram Dal,8,2010,134.03
Gram Dal,9,2010,132.03
Gram Dal,10,2010,132.81
Gram Dal,11,2010,134.79
Gram Dal,12,2010,137.24
Gram Dal,1,2009,137.68
Gram Dal,2,2009,135.65
Gram Dal,3,2009,134.54
Gram Dal,4,2009,135.57
Gram Dal,5,2009,135.85
Gram Dal,6,2009,135.85
Gram Dal,7,2009,142.59
Gram Dal,8,2009,147.2
Gram Dal,9,2009,145.43
Gram Dal,10,2009,144.0
Gram Dal,11,2009,144.12
Gram Dal,12,2009,146.09
Gram Dal,1,2008,131.34
Gram Dal,2,2008,131.71
Gram Dal,3,2008,141.52
Gram Dal,4,2008,143.13
Gram Dal,5,2008,141.12
Gram Dal,6,2008,140.52
Gram Dal,7,2008,142.77
Gram Dal,8,2008,144.46
Gram Dal,9,2008,144.59
Gram Dal,10,2008,144.84
Gram Dal,11,2008,143.04
Gram Dal,12,2008,139.4
Gram Dal,1,2007,150.79
Gram Dal,2,2007,144.78
Gram Dal,3,2007,137.53
Gram Dal,4,2007,136.29
Gram Dal,5,2007,134.91
Gram Dal,6,2007,132.48
Gram Dal,7,2007,132.55
Gram Dal,8,2007,134.32
Gram Dal,9,2007,134.5
Gram Dal,10,2007,134.86
Gram Dal,11,2007,135.46
Gram Dal,12,2007,134.8
Gram Dal,1,2006,109.52
Gram Dal,2,2006,108.64
Gram Dal,3,2006,107.93
Gram Dal,4,2006,112.32
Gram Dal,5,2006,119.14
Gram Dal,6,2006,123.73
Gram Dal,7,2006,124.22
Gram Dal,8,2006,127.29
Gram Dal,9,2006,148.71
Gram Dal,10,2006,163.51
Gram Dal,11,2006,162.85
Gram Dal,12,2006,158.65
Rajmah,1,2016,161.76
Rajmah,2,2016,155.81
Rajmah,3,2016,155.37
Rajmah,4,2016,164.2
Rajmah,5,2016,151.15
Rajmah,6,2016,154.19
Rajmah,7,2016,160.03
Rajmah,8,2016,153.26
Rajmah,9,2016,151.07
Rajmah,10,2016,154.4
Rajmah,11,2016,156.09
Rajmah,12,2016,145.13
Rajmah,1,2017,150.59
Rajmah,2,2017,154.94
Rajmah,3,2017,146.71
Rajmah,4,2017,154.41
Rajmah,5,2017,157.17
Rajmah,6,2017,151.5
Rajmah,7,2017,143.81
Rajmah,8,2017,145.87
Rajmah,9,2017,150.18
Rajmah,10,2017,147.8
Rajmah,11,2017,143.37
Rajmah,12,2017,143.37
Rajmah,1,2018,144.45
Rajmah,2,2018,163.57
Rajmah,3,2018,158.65
Rajmah,4,2018,151.34
Rajmah,5,2018,149.78
Rajmah,6,2018,152.09
Rajmah,7,2018,150.76
Rajmah,8,2018,159.29
Rajmah,9,2018,156.8
Rajmah,10,2018,160.93
Rajmah,11,2018,143.37
Rajmah,12,2018,143.37
Rajmah,1,2019,149.17
Rajmah,2,2019,147.15
Rajmah,3,2019,164.46
Rajmah,4,2019,162.94
Rajmah,5,2019,144.5
Rajmah,6,2019,143.3
Rajmah,7,2019,143.15
Rajmah,8,2019,143.37
Rajmah,9,2019,143.37
Rajmah,10,2019,143.37
Rajmah,11,2019,143.37
Rajmah,12,2019,143.37
Rajmah,1,2014,146.16
Rajmah,2,2014,153.69
Rajmah,3,2014,151.26
Rajmah,4,2014,149.09
Rajmah,5,2014,162.48
Rajmah,6,2014,147.18
Rajmah,7,2014,146.34
Rajmah,8,2014,160.87
Rajmah,9,2014,150.01
Rajmah,10,2014,149.26
Rajmah,11,2014,164.63
Rajmah,12,2014,153.19
Rajmah,1,2013,153.31
Rajmah,2,2013,153.73
Rajmah,3,2013,161.04
Rajmah,4,2013,163.19
Rajmah,5,2013,147.15
Rajmah,6,2013,147.7
Rajmah,7,2013,149.55
Rajmah,8,2013,146.17
Rajmah,9,2013,151.85
Rajmah,10,2013,155.12
Rajmah,11,2013,162.54
Rajmah,12,2013,153.11
Rajmah,1,2012,152.55
Rajmah,2,2012,149.21
Rajmah,3,2012,157.8
Rajmah,4,2012,147.47
Rajmah,5,2012,160.1
Rajmah,6,2012,144.64
Rajmah,7,2012,146.71
Rajmah,8,2012,163.9
Rajmah,9,2012,148.97
Rajmah,10,2012,150.79
Rajmah,11,2012,154.82
Rajmah,12,2012,147.6
Rajmah,1,2011,153.07
Rajmah,2,2011,152.73
Rajmah,3,2011,150.95
Rajmah,4,2011,149.25
Rajmah,5,2011,148.15
Rajmah,6,2011,148.04
Rajmah,7,2011,149.6
Rajmah,8,2011,155.27
Rajmah,9,2011,154.24
Rajmah,10,2011,144.6
Rajmah,11,2011,145.18
Rajmah,12,2011,161.72
Rajmah,1,2010,145.1
Rajmah,2,2010,155.78
Rajmah,3,2010,150.36
Rajmah,4,2010,152.67
Rajmah,5,2010,153.63
Rajmah,6,2010,154.84
Rajmah,7,2010,155.1
Rajmah,8,2010,150.64
Rajmah,9,2010,150.04
Rajmah,10,2010,152.73
Rajmah,11,2010,153.52
Rajmah,12,2010,150.61
Rajmah,1,2009,153.04
Rajmah,2,2009,151.86
Rajmah,3,2009,150.05
Rajmah,4,2009,151.01
Rajmah,5,2009,148.35
Rajmah,6,2009,144.68
Rajmah,7,2009,144.4
Rajmah,8,2009,153.09
Rajmah,9,2009,149.4
Rajmah,10,2009,148.18
Rajmah,11,2009,155.75
Rajmah,12,2009,149.07
Rajmah,1,2008,159.43
Rajmah,2,2008,158.69
Rajmah,3,2008,159.9
Rajmah,4,2008,158.58
Rajmah,5,2008,159.76
Rajmah,6,2008,160.65
Rajmah,7,2008,143.88
Rajmah,8,2008,151.45
Rajmah,9,2008,155.05
Rajmah,10,2008,150.33
Rajmah,11,2008,148.78
Rajmah,12,2008,145.93
Rajmah,1,2007,149.96
Rajmah,2,2007,147.32
Rajmah,3,2007,145.44
Rajmah,4,2007,164.46
Rajmah,5,2007,163.1
Rajmah,6,2007,160.76
Rajmah,7,2007,162.55
Rajmah,8,2007,163.29
Rajmah,9,2007,157.88
Rajmah,10,2007,154.71
Rajmah,11,2007,157.1
Rajmah,12,2007,157.97
Rajmah,1,2006,136.29
Rajmah,2,2006,136.15
Rajmah,3,2006,137.55
Rajmah,4,2006,141.03
Rajmah,5,2006,142.39
Rajmah,6,2006,144.28
Rajmah,7,2006,147.06
Rajmah,8,2006,146.5
Rajmah,9,2006,145.01
Rajmah,10,2006,149.98
Rajmah,11,2006,150.1
Rajmah,12,2006,144.92
Horse Gram (Kulthi),1,2016,115.58
Horse Gram (Kulthi),2,2016,109.91
Horse Gram (Kulthi),3,2016,111.69
Horse Gram (Kulthi),4,2016,107.88
Horse Gram (Kulthi),5,2016,100.75
Horse Gram (Kulthi),6,2016,105.52
Horse Gram (Kulthi),7,2016,107.47
Horse Gram (Kulthi),8,2016,105.99
Horse Gram (Kulthi),9,2016,107.57
Horse Gram (Kulthi),10,2016,118.96
Horse Gram (Kulthi),11,2016,122.44
Horse Gram (Kulthi),12,2016,133.77
Horse Gram (Kulthi),1,2017,110.06
Horse Gram (Kulthi),2,2017,120.97
Horse Gram (Kulthi),3,2017,136.9
Horse Gram (Kulthi),4,2017,138.8
Horse Gram (Kulthi),5,2017,124.93
Horse Gram (Kulthi),6,2017,119.2
Horse Gram (Kulthi),7,2017,126.11
Horse Gram (Kulthi),8,2017,136.03
Horse Gram (Kulthi),9,2017,127.47
Horse Gram (Kulthi),10,2017,135.16
Horse Gram (Kulthi),11,2017,96.6
Horse Gram (Kulthi),12,2017,96.6
Horse Gram (Kulthi),1,2018,119.82
Horse Gram (Kulthi),2,2018,114.74
Horse Gram (Kulthi),3,2018,108.72
Horse Gram (Kulthi),4,2018,136.97
Horse Gram (Kulthi),5,2018,137.17
Horse Gram (Kulthi),6,2018,116.86
Horse Gram (Kulthi),7,2018,117.36
Horse Gram (Kulthi),8,2018,117.36
Horse Gram (Kulthi),9,2018,117.36
Horse Gram (Kulthi),10,2018,117.36
Horse Gram (Kulthi),11,2018,96.6
Horse Gram (Kulthi),12,2018,96.6
Horse Gram (Kulthi),1,2019,125.71
Horse Gram (Kulthi),2,2019,113.45
Horse Gram (Kulthi),3,2019,133.7
Horse Gram (Kulthi),4,2019,126.68
Horse Gram (Kulthi),5,2019,108.89
Horse Gram (Kulthi),6,2019,118.79
Horse Gram (Kulthi),7,2019,108.5
Horse Gram (Kulthi),8,2019,96.6
Horse Gram (Kulthi),9,2019,96.6
Horse Gram (Kulthi),10,2019,96.6
Horse Gram (Kulthi),11,2019,96.6
Horse Gram (Kulthi),12,2019,96.6
Horse Gram (Kulthi),1,2014,107.33
Horse Gram (Kulthi),2,2014,133.15
Horse Gram (Kulthi),3,2014,132.22
Horse Gram (Kulthi),4,2014,139.9
Horse Gram (Kulthi),5,2014,104.29
Horse Gram (Kulthi),6,2014,95.66
Horse Gram (Kulthi),7,2014,105.52
Horse Gram (Kulthi),8,2014,138.99
Horse Gram (Kulthi),9,2014,135.17
Horse Gram (Kulthi),10,2014,131.07
Horse Gram (Kulthi),11,2014,130.31
Horse Gram (Kulthi),12,2014,131.36
Horse Gram (Kulthi),1,2013,92.07
Horse Gram (Kulthi),2,2013,93.5
Horse Gram (Kulthi),3,2013,90.66
Horse Gram (Kulthi),4,2013,94.86
Horse Gram (Kulthi),5,2013,97.67
Horse Gram (Kulthi),6,2013,111.99
Horse Gram (Kulthi),7,2013,134.79
Horse Gram (Kulthi),8,2013,87.07
Horse Gram (Kulthi),9,2013,89.86
Horse Gram (Kulthi),10,2013,98.23
Horse Gram (Kulthi),11,2013,96.52
Horse Gram (Kulthi),12,2013,107.95
Horse Gram (Kulthi),1,2012,81.81
Horse Gram (Kulthi),2,2012,87.79
Horse Gram (Kulthi),3,2012,81.7
Horse Gram (Kulthi),4,2012,86.32
Horse Gram (Kulthi),5,2012,88.27
Horse Gram (Kulthi),6,2012,98.24
Horse Gram (Kulthi),7,2012,85.57
Horse Gram (Kulthi),8,2012,95.56
Horse Gram (Kulthi),9,2012,86.4
Horse Gram (Kulthi),10,2012,82.09
Horse Gram (Kulthi),11,2012,84.82
Horse Gram (Kulthi),12,2012,91.59
Horse Gram (Kulthi),1,2011,95.59
Horse Gram (Kulthi),2,2011,101.21
Horse Gram (Kulthi),3,2011,101.02
Horse Gram (Kulthi),4,2011,80.94
Horse Gram (Kulthi),5,2011,84.3
Horse Gram (Kulthi),6,2011,90.98
Horse Gram (Kulthi),7,2011,81.63
Horse Gram (Kulthi),8,2011,91.97
Horse Gram (Kulthi),9,2011,97.36
Horse Gram (Kulthi),10,2011,83.53
Horse Gram (Kulthi),11,2011,104.71
Horse Gram (Kulthi),12,2011,97.74
Horse Gram (Kulthi),1,2010,93.72
Horse Gram (Kulthi),2,2010,111.01
Horse Gram (Kulthi),3,2010,92.6
Horse Gram (Kulthi),4,2010,85.42
Horse Gram (Kulthi),5,2010,81.21
Horse Gram (Kulthi),6,2010,100.32
Horse Gram (Kulthi),7,2010,90.54
Horse Gram (Kulthi),8,2010,102.42
Horse Gram (Kulthi),9,2010,89.32
Horse Gram (Kulthi),10,2010,85.62
Horse Gram (Kulthi),11,2010,91.53
Horse Gram (Kulthi),12,2010,92.87
Horse Gram (Kulthi),1,2009,85.7
Horse Gram (Kulthi),2,2009,84.91
Horse Gram (Kulthi),3,2009,92.92
Horse Gram (Kulthi),4,2009,98.82
Horse Gram (Kulthi),5,2009,99.37
Horse Gram (Kulthi),6,2009,100.07
Horse Gram (Kulthi),7,2009,92.96
Horse Gram (Kulthi),8,2009,105.23
Horse Gram (Kulthi),9,2009,94.7
Horse Gram (Kulthi),10,2009,94.34
Horse Gram (Kulthi),11,2009,110.46
Horse Gram (Kulthi),12,2009,105.03
Horse Gram (Kulthi),1,2008,86.31
Horse Gram (Kulthi),2,2008,87.57
Horse Gram (Kulthi),3,2008,88.81
Horse Gram (Kulthi),4,2008,91.96
Horse Gram (Kulthi),5,2008,91.51
Horse Gram (Kulthi),6,2008,93.8
Horse Gram (Kulthi),7,2008,80.37
Horse Gram (Kulthi),8,2008,80.39
Horse Gram (Kulthi),9,2008,82.06
Horse Gram (Kulthi),10,2008,86.78
Horse Gram (Kulthi),11,2008,87.71
Horse Gram (Kulthi),12,2008,84.82
Horse Gram (Kulthi),1,2007,104.63
Horse Gram (Kulthi),2,2007,101.17
Horse Gram (Kulthi),3,2007,101.36
Horse Gram (Kulthi),4,2007,104.91
Horse Gram (Kulthi),5,2007,81.54
Horse Gram (Kulthi),6,2007,81.16
Horse Gram (Kulthi),7,2007,82.06
Horse Gram (Kulthi),8,2007,85.24
Horse Gram (Kulthi),9,2007,97.21
Horse Gram (Kulthi),10,2007,89.31
Horse Gram (Kulthi),11,2007,96.78
Horse Gram (Kulthi),12,2007,95.87
Horse Gram (Kulthi),1,2006,104.63
Horse Gram (Kulthi),2,2006,101.17
Horse Gram (Kulthi),3,2006,101.36
Horse Gram (Kulthi),4,2006,104.91
Horse Gram (Kulthi),5,2006,81.54
Horse Gram (Kulthi),6,2006,81.16
Horse Gram (Kulthi),7,2006,82.06
Horse Gram (Kulthi),8,2006,85.24
Horse Gram (Kulthi),9,2006,97.21
Horse Gram (Kulthi),10,2006,89.31
Horse Gram (Kulthi),11,2006,96.78
Horse Gram (Kulthi),12,2006,95.87
